,X,Y
0,1799,1920.69
1,859,1081.99
2,423,6812.81
3,325,1142.97
4,618,3591.37
5,1487,8662.71
6,1453,3272.6
7,971,11798.53
8,187,13160.15
9,379,8402.33
10,444,14692.15
11,923,4044.88
12,1173,3078.13
13,1959,5660.0
14,1411,6894.83
15,890,12519.87
16,1581,10929.43
17,1158,10526.55
18,1539,908.02
19,1860,13173.6
20,1565,12078.44
21,1286,1063.3
22,167,6431.67
23,1215,12190.93
24,1087,10683.8
25,1968,12623.98
26,428,14901.74
27,1729,2241.86
28,1101,8171.23
29,653,7926.24
30,1701,9508.12
31,356,7580.43
32,517,1896.09
33,1271,8447.53
34,643,7801.76
35,1492,306.25
36,1591,3388.4
37,931,7088.55
38,1727,5853.36
39,581,8445.71
40,441,9257.88
41,1053,1369.6
42,1075,9368.66
43,808,7853.72
44,849,4706.24
45,1240,11145.6
46,759,2479.78
47,1077,6202.94
48,429,3642.8
49,943,7410.49
50,923,7940.89
51,797,13694.58
52,1155,1273.29
53,607,12001.58
54,912,7767.74
55,767,7669.29
56,955,9599.77
57,197,3913.61
58,1910,3605.54
59,1227,2945.43
60,838,2667.86
61,1849,12053.13
62,857,3846.58
63,1294,9945.28
64,1179,921.4
65,1642,3825.1
66,1727,8514.48
67,205,13127.81
68,1254,7076.17
69,1799,3016.89
70,1677,8267.98
71,126,1992.73
72,681,198.71
73,1342,10741.18
74,1501,9220.22
75,845,8171.91
76,1089,6678.32
77,958,9056.4
78,1446,1034.04
79,723,14794.26
80,1811,3616.3
81,1932,6413.67
82,1494,12888.81
83,1018,8682.73
84,1889,9897.52
85,1108,6604.64
86,1973,14507.28
87,1528,1630.13
88,428,13316.97
89,1640,7235.57
90,320,10567.71
91,1588,8821.45
92,973,6661.82
93,435,3207.85
94,519,2755.95
95,768,12464.0
96,823,7474.41
97,1931,14021.18
98,1611,8407.35
99,431,789.19
100,1951,9272.2
101,1859,8303.85
102,1539,14244.54
103,1176,8284.71
104,1895,2314.0
105,636,8098.81
106,254,1740.97
107,1570,1923.65
108,1524,3274.82
109,807,3972.71
110,126,10402.23
111,1094,5043.39
112,905,7513.14
113,1977,7301.31
114,840,4860.27
115,636,10919.47
116,1393,12243.58
117,1744,6170.7
118,1063,3239.61
119,918,5791.13
120,1629,14967.75
121,1416,12237.38
122,1177,3343.38
123,759,7434.65
124,728,9549.5
125,542,2009.67
126,271,5646.1
127,1385,8908.06
128,1356,12115.67
129,830,10387.83
130,414,2846.27
131,142,14049.42
132,489,14262.01
133,1581,5981.34
134,1401,657.55
135,594,5218.42
136,1293,10181.44
137,1125,3986.73
138,1707,10520.75
139,1095,1672.97
140,1204,891.03
141,1331,3667.57
142,1515,14081.87
143,200,1406.84
144,1914,853.02
145,1936,8015.36
146,1137,10327.88
147,205,13350.22
148,716,5766.65
149,1179,7810.74
150,1397,2888.35
151,614,12928.71
152,1049,10282.06
153,881,5434.53
154,1842,1736.42
155,874,1119.96
156,773,6765.08
157,1875,8283.11
158,440,1728.78
159,366,1494.42
160,1711,5440.1
161,1755,14665.03
162,363,11432.91
163,1158,12868.53
164,1566,12658.94
165,1069,1782.58
166,1518,3366.79
167,557,4007.53
168,1284,14959.41
169,1729,2220.18
170,722,6216.0
171,359,1430.67
172,669,10411.88
173,1620,14651.06
174,820,10938.36
175,570,3221.68
176,787,9059.52
177,1538,11311.39
178,1308,11952.88
179,778,12531.24
180,679,6519.26
181,194,8465.58
182,1702,6719.05
183,976,14606.1
184,1103,11653.7
185,484,14544.54
186,491,1972.6
187,900,12914.83
188,1891,5753.94
189,273,11768.24
190,1804,2541.03
191,256,11559.65
192,1553,9315.62
193,647,1816.61
194,1879,7752.84
195,1497,14231.1
196,951,11776.46
197,169,4462.38
198,341,7070.97
199,1149,14720.33
200,274,12906.44
201,489,13363.23
202,1901,11480.78
203,1953,1195.15
204,1297,9125.03
205,1010,7138.79
206,263,10986.08
207,345,13344.17
208,670,2528.76
209,214,10215.46
210,901,4985.66
211,454,14268.82
212,1812,360.21
213,358,2182.42
214,1547,6444.08
215,1488,5936.66
216,482,7237.32
217,793,9390.36
218,1288,8680.52
219,1074,4232.23
220,1041,4492.08
221,1668,11755.85
222,288,11334.88
223,1985,5863.48
224,1578,5756.03
225,1951,2047.47
226,508,11345.06
227,685,5575.19
228,1226,610.48
229,1202,7509.65
230,1249,4186.14
231,1021,3998.16
232,588,13651.98
233,1406,10337.64
234,1562,1821.48
235,210,8430.52
236,1072,12469.56
237,840,9668.22
238,1466,8235.73
239,1230,6426.9
240,886,12506.95
241,142,14.09
242,1759,1288.27
243,1295,5510.22
244,1668,10706.47
245,1083,11041.7
246,964,7942.06
247,1626,3266.54
248,548,1397.98
249,963,8391.53
250,139,11878.44
251,1444,11906.73
252,238,4790.62
253,1481,2623.8
254,843,4696.16
255,1618,2414.21
256,1063,1209.46
257,1313,5730.45
258,1998,2418.27
259,1325,8222.84
260,268,10221.73
261,1633,335.12
262,1161,14754.79
263,317,201.0
264,558,12898.35
265,1809,13840.5
266,1691,97.38
267,311,4749.37
268,1058,4274.7
269,1727,13675.16
270,1250,4531.0
271,208,7231.45
272,404,7808.59
273,1366,11350.93
274,1936,475.75
275,1434,1839.16
276,505,5379.68
277,187,12962.16
278,1825,7929.26
279,223,7721.66
280,793,14644.97
281,1291,13368.66
282,1575,12032.08
283,1277,11712.47
284,921,7930.28
285,1274,12148.93
286,1989,3969.18
287,431,9940.48
288,852,7707.44
289,1510,5991.54
290,673,9406.27
291,348,1110.58
292,721,9629.88
293,1594,4132.18
294,1530,5859.95
295,1041,7780.52
296,745,4138.66
297,1477,13440.15
298,766,1238.78
299,1149,1757.44
300,1787,5697.07
301,1142,9333.08
302,1924,11227.66
303,872,5403.79
304,1527,5176.01
305,1402,12380.46
306,862,6269.13
307,175,1369.89
308,1785,225.86
309,539,9688.98
310,1201,14234.91
311,534,14743.22
312,582,10906.21
313,651,11477.37
314,1453,5047.71
315,383,3233.36
316,387,5277.41
317,1676,4246.93
318,185,2245.87
319,201,3967.89
320,235,1198.88
321,730,8845.72
322,1367,1678.59
323,1130,788.73
324,960,4927.35
325,682,5571.34
326,717,13967.43
327,918,1003.49
328,1545,12158.64
329,835,4156.07
330,1296,4727.96
331,1088,14478.67
332,1262,6914.25
333,1192,7529.71
334,1395,4578.97
335,255,7381.83
336,1583,11573.52
337,1380,7900.0
338,899,12737.86
339,1771,3398.28
340,1937,5598.89
341,1559,6641.68
342,580,14909.39
343,1289,3803.01
344,1487,14234.32
345,1637,839.95
346,947,11937.5
347,1758,3782.66
348,922,11296.76
349,227,5882.8
350,1309,5497.59
351,1221,9039.08
352,1069,675.46
353,1440,9687.05
354,298,13504.49
355,743,13083.49
356,806,9794.25
357,1662,4807.48
358,1562,4651.11
359,163,6100.38
360,772,459.96
361,1615,9196.48
362,1247,1762.18
363,768,989.24
364,1810,1824.37
365,794,1817.02
366,1809,6682.04
367,1730,10309.59
368,1301,13634.89
369,1539,4787.06
370,299,9945.41
371,1238,5416.77
372,1542,370.16
373,918,8959.59
374,854,11454.0
375,1949,5115.48
376,450,9714.08
377,518,770.97
378,156,10121.01
379,512,598.22
380,924,3536.21
381,584,2422.67
382,1166,10858.91
383,1223,11370.31
384,472,4560.32
385,353,8676.75
386,681,3323.99
387,1189,6170.48
388,505,12739.78
389,889,14842.82
390,1100,14347.37
391,1806,77.96
392,1534,119.89
393,1113,13403.31
394,311,13220.21
395,1012,1449.2
396,1028,7452.43
397,1322,14291.32
398,374,9334.44
399,1262,3721.32
400,1354,14044.11
401,855,12335.23
402,947,5276.19
403,228,6403.05
404,1331,3992.47
405,1879,1145.52
406,1566,4538.42
407,1973,6394.66
408,587,5858.51
409,1114,6546.72
410,170,11505.58
411,1008,14729.91
412,549,5240.62
413,400,1867.63
414,1120,1212.79
415,1085,6416.25
416,161,10196.56
417,1388,8155.22
418,1620,779.03
419,1646,12770.35
420,411,12591.63
421,580,3538.08
422,861,12220.75
423,1447,583.82
424,985,14290.56
425,276,8661.73
426,419,2627.91
427,1153,310.96
428,1228,4512.42
429,1418,12785.07
430,731,1865.63
431,263,4810.89
432,236,11003.79
433,1640,14379.44
434,552,321.62
435,1053,11148.05
436,985,7009.84
437,258,5698.43
438,174,5763.77
439,120,5494.85
440,1790,3209.51
441,337,3161.49
442,1594,12220.15
443,1481,5843.31
444,1741,10282.48
445,1189,4188.18
446,941,10848.48
447,1055,11545.02
448,1393,5674.48
449,1590,9724.39
450,1067,9220.87
451,1739,3048.85
452,1345,12545.03
453,1721,724.32
454,626,7466.42
455,1363,7935.45
456,779,11053.95
457,1253,13680.77
458,223,13493.1
459,463,5207.14
460,1377,6877.88
461,1651,3830.45
462,1273,4960.75
463,1500,1373.28
464,1648,10056.67
465,1540,5800.79
466,874,8613.16
467,833,8128.95
468,747,7197.08
469,432,10824.86
470,926,5491.49
471,932,9872.11
472,1595,1920.32
473,591,824.88
474,1005,7601.69
475,1135,14759.44
476,1053,10135.82
477,153,8105.77
478,1767,14445.44
479,806,9484.72
480,909,3262.34
481,566,13642.51
482,1368,8836.78
483,969,584.23
484,1366,4432.41
485,500,6978.41
486,1184,14311.61
487,1081,8019.96
488,1315,9404.48
489,1782,14080.13
490,1341,14937.38
491,121,8243.03
492,206,14090.54
493,323,6165.85
494,652,14177.22
495,1644,6450.86
496,640,6114.21
497,1905,10372.4
498,589,4541.22
499,997,3729.56
500,490,14128.92
501,1972,8588.9
502,931,11345.82
503,257,5037.48
504,944,3768.03
505,1702,7926.91
506,1428,11446.75
507,1095,13779.65
508,1102,4310.93
509,1621,7206.61
510,1716,4045.39
511,1083,8996.04
512,1524,2284.43
513,979,2047.99
514,403,490.49
515,846,5865.96
516,307,8810.13
517,1392,5433.18
518,1727,5833.01
519,1203,14468.71
520,900,12440.47
521,326,7463.84
522,1649,9929.29
523,1754,1156.12
524,1368,8871.13
525,834,11891.31
526,193,7352.51
527,1247,6687.11
528,1071,299.0
529,1806,12183.54
530,1989,9837.37
531,738,9604.47
532,1266,9878.5
533,1958,10673.54
534,1761,7305.96
535,1966,9799.37
536,1840,9312.59
537,1640,5515.28
538,594,7365.35
539,1276,4878.53
540,1338,10097.86
541,664,3525.13
542,1020,6953.06
543,1334,7277.89
544,1652,6941.99
545,373,11934.12
546,361,7324.92
547,1508,8878.44
548,405,8815.08
549,1983,14039.96
550,934,13458.32
551,1242,11280.58
552,422,7242.23
553,1003,5790.1
554,1646,11878.86
555,1334,1097.15
556,1998,10371.64
557,175,547.22
558,299,12220.17
559,1250,10234.63
560,437,2609.3
561,1767,1696.15
562,952,4136.67
563,535,13910.08
564,1004,11810.04
565,1168,3320.61
566,555,5775.78
567,249,391.48
568,1702,5050.01
569,1400,13587.0
570,712,7476.63
571,1381,9567.58
572,1057,8317.28
573,1573,11230.27
574,760,2997.75
575,941,4983.42
576,831,2925.46
577,1276,6110.9
578,1502,12987.46
579,599,10168.45
580,1467,10011.39
581,121,3166.59
582,269,5473.75
583,516,1615.53
584,323,5858.93
585,1215,6973.82
586,803,13294.02
587,215,3759.83
588,543,4236.56
589,823,272.3
590,189,3099.9
591,1701,10892.92
592,1522,2725.17
593,1900,14393.75
594,1236,11869.08
595,1604,743.7
596,1805,1043.11
597,1672,11345.02
598,479,2814.67
599,475,7783.23
600,1246,11915.59
601,756,10328.1
602,1763,5679.53
603,1672,14342.21
604,1643,4190.39
605,190,1524.29
606,1023,13726.74
607,1996,6388.29
608,1752,7462.14
609,1798,7231.35
610,821,8403.69
611,1728,7106.65
612,1922,12559.01
613,625,6445.05
614,770,6651.93
615,631,7411.71
616,150,13225.46
617,345,13988.09
618,762,4711.4
619,1238,9634.43
620,1103,9182.69
621,763,14810.22
622,950,646.53
623,328,13037.21
624,859,13605.52
625,538,11377.98
626,727,2522.76
627,1732,8193.97
628,1466,8513.5
629,341,3684.0
630,509,4721.7
631,1863,13436.3
632,1333,5272.71
633,1563,5486.53
634,130,14434.28
635,1689,6310.86
636,1394,8410.89
637,773,8228.99
638,528,11422.4
639,272,9287.8
640,1829,13707.02
641,1805,4594.82
642,1060,12837.11
643,1781,5046.14
644,952,1154.46
645,1788,11102.78
646,599,3848.63
647,1035,2411.11
648,1143,12862.75
649,1963,2752.62
650,980,3503.59
651,832,6471.85
652,1110,2261.3
653,1104,6520.89
654,717,9618.17
655,511,10387.61
656,1331,496.17
657,234,10296.76
658,599,2129.99
659,141,1499.55
660,1362,13617.54
661,1455,14831.18
662,1004,9533.43
663,554,7397.43
664,813,13309.67
665,203,10726.71
666,1703,9983.12
667,1054,6201.93
668,1647,7817.12
669,1382,10552.29
670,379,5796.34
671,1864,11068.7
672,848,11014.07
673,1024,4302.01
674,1661,1414.53
675,322,8915.15
676,1908,5203.52
677,875,3165.5
678,150,863.8
679,520,2310.09
680,1957,11180.67
681,449,3706.05
682,1584,6123.68
683,1971,7300.89
684,1436,3107.41
685,785,9988.16
686,798,9934.18
687,1095,6099.65
688,270,676.33
689,1949,11725.76
690,1705,2537.38
691,784,6354.67
692,589,9665.92
693,1222,5966.56
694,205,3067.84
695,1970,7964.46
696,995,12238.64
697,911,4938.77
698,275,11073.38
699,1742,14127.21
700,961,11810.54
701,254,10521.35
702,865,9285.03
703,1714,14258.76
704,962,9246.73
705,1257,11457.33
706,157,4388.75
707,1697,734.09
708,714,14266.06
709,1178,10696.08
710,205,14393.15
711,1192,1122.4
712,218,13656.29
713,778,1847.26
714,1097,10075.16
715,1949,8293.98
716,1187,6309.56
717,552,11619.19
718,844,2761.33
719,561,9144.42
720,837,11425.61
721,728,6977.88
722,220,10866.97
723,328,8121.43
724,341,9096.65
725,877,3307.9
726,400,9157.98
727,567,3271.7
728,1104,6701.38
729,1218,8185.43
730,814,7189.16
731,1445,668.5
732,1036,12008.56
733,1237,12620.33
734,191,14021.56
735,1289,8710.57
736,1957,2093.93
737,236,14525.76
738,629,6379.08
739,730,5827.56
740,849,12561.77
741,1554,3662.14
742,1114,14424.72
743,218,8601.73
744,1205,1377.6
745,1225,128.29
746,1608,1046.88
747,271,12691.52
748,1113,13051.01
749,1300,2159.58
750,300,1923.43
751,1422,13869.86
752,1793,3109.2
753,1751,12900.2
754,284,11816.65
755,1221,12224.25
756,738,3690.77
757,1276,4574.98
758,1937,3079.11
759,1587,4782.02
760,574,10200.9
761,948,11968.03
762,1435,7085.26
763,1449,9585.0
764,579,6631.43
765,333,14088.52
766,159,6631.63
767,1930,4657.85
768,1661,3015.55
769,223,7150.36
770,951,13726.93
771,1524,3085.36
772,1358,10597.97
773,861,8934.22
774,1790,1837.21
775,1420,3391.06
776,318,11020.52
777,930,11956.61
778,1636,2967.1
779,1156,6970.9
780,1298,14657.46
781,1829,4458.2
782,1001,13931.79
783,1325,1537.56
784,373,13786.9
785,1962,6457.0
786,866,2565.98
787,230,5997.59
788,1937,7625.29
789,1151,141.33
790,681,805.72
791,574,5344.64
792,1998,2598.03
793,739,11443.23
794,205,1165.24
795,934,4913.87
796,288,3532.99
797,1246,10487.28
798,1824,197.45
799,1851,1821.2
800,517,12761.85
801,137,1049.58
802,1259,11253.16
803,1713,10103.75
804,726,14162.06
805,183,8346.45
806,1554,907.66
807,216,14550.43
808,1837,6654.41
809,1856,6718.35
810,1358,11921.38
811,1913,9966.52
812,482,9531.38
813,413,14140.55
814,1291,12505.12
815,1353,1096.97
816,555,14115.26
817,1875,9336.06
818,1670,8163.08
819,1022,5310.33
820,442,5992.5
821,1546,13180.67
822,1566,5481.38
823,1059,14823.43
824,310,13615.11
825,768,12024.77
826,255,4570.42
827,1757,10540.9
828,1840,5036.53
829,1453,9853.39
830,1656,14568.26
831,555,2647.2
832,889,12583.07
833,1911,11141.22
834,924,4983.98
835,564,14565.7
836,838,7226.95
837,1371,7676.11
838,1169,8813.93
839,547,7833.07
840,853,11615.28
841,976,8768.85
842,1354,10192.31
843,1315,3893.07
844,1708,7191.01
845,1802,2721.14
846,1473,5629.69
847,1131,1555.65
848,1243,10869.01
849,664,11672.69
850,1995,9747.78
851,1520,11828.19
852,1788,13382.58
853,1660,7836.19
854,580,7779.31
855,1653,10726.57
856,180,11792.92
857,1368,6116.45
858,405,6744.01
859,1669,208.13
860,1144,10601.62
861,1969,793.96
862,1943,1553.56
863,120,9644.49
864,853,3218.84
865,1054,3097.63
866,617,3443.62
867,674,13574.84
868,621,10748.12
869,732,4269.23
870,1192,13157.77
871,1212,10684.24
872,1167,1675.34
873,1449,12947.72
874,1532,14259.09
875,1781,5253.16
876,238,942.69
877,1060,5902.49
878,1131,1590.7
879,1654,13970.29
880,1164,2009.25
881,223,12551.32
882,1489,6727.26
883,705,14780.9
884,285,3329.57
885,848,3276.27
886,1775,9914.02
887,500,2979.1
888,312,364.04
889,1877,10270.48
890,511,13368.73
891,323,8090.25
892,1147,811.55
893,1092,13314.72
894,1645,9927.44
895,353,1696.74
896,1988,9381.82
897,1985,7655.94
898,127,769.98
899,693,8002.55
900,1329,4779.49
901,430,14648.61
902,1679,12340.52
903,610,9641.55
904,1223,10690.81
905,1193,10315.55
906,564,8562.46
907,494,12186.92
908,362,4605.84
909,1808,9964.15
910,519,6956.57
911,609,293.88
912,1603,13293.46
913,1967,8413.16
914,995,11870.19
915,963,3667.38
916,1961,12186.09
917,920,9419.28
918,1607,9854.82
919,877,11941.36
920,991,8804.01
921,278,12158.24
922,1676,10386.52
923,1867,12662.39
924,444,14983.7
925,1448,1693.7
926,1886,7480.19
927,1001,9838.26
928,599,6306.33
929,1081,1381.76
930,1068,14200.27
931,1965,86.65
932,1699,2043.3
933,1108,8912.05
934,1321,9315.26
935,1325,2944.75
936,454,4547.34
937,1596,8521.57
938,121,11881.21
939,859,4672.3
940,590,7666.44
941,1517,8714.34
942,1693,3471.9
943,883,8922.31
944,1781,13058.56
945,1272,11342.11
946,1545,10320.57
947,1547,10965.12
948,533,5347.51
949,918,6932.56
950,1884,10491.89
951,1271,6413.19
952,565,3748.16
953,672,9207.22
954,1935,5743.91
955,1949,8985.68
956,1550,10357.03
957,1237,9421.34
958,1132,10876.04
959,518,5099.84
960,182,2789.44
961,758,8975.69
962,667,11381.44
963,1194,12589.2
964,1659,7877.7
965,1278,13386.77
966,1764,182.13
967,1426,6197.2
968,1294,5163.71
969,1272,3817.42
970,457,2331.76
971,500,976.24
972,1043,6119.81
973,1051,11199.2
974,1617,14051.7
975,1981,946.96
976,374,3262.1
977,1886,5137.74
978,1554,6783.39
979,511,3373.64
980,582,3887.53
981,1453,11674.69
982,282,7535.65
983,1671,7431.64
984,1839,2626.25
985,1468,10883.72
986,464,3161.59
987,1801,8602.03
988,148,11483.13
989,1426,13848.69
990,1843,7838.28
991,1118,3118.52
992,1046,7370.39
993,1673,6174.39
994,328,13915.91
995,267,4438.68
996,1620,277.9
997,543,7479.42
998,1364,11205.18
999,842,5149.01
1000,194,7220.61
1001,1321,1168.67
1002,138,2662.77
1003,1604,6373.15
1004,1029,14961.44
1005,438,11285.25
1006,1862,9069.0
1007,1862,13977.3
1008,563,820.12
1009,1692,10394.79
1010,1297,647.04
1011,431,6234.43
1012,452,7487.02
1013,1068,2095.43
1014,350,1331.46
1015,1388,39.99
1016,1307,9645.74
1017,128,10018.36
1018,1121,2105.02
1019,1597,3263.66
1020,906,2064.09
1021,1981,10280.77
1022,1287,7554.65
1023,1216,4030.8
1024,872,2136.04
1025,1863,14582.93
1026,666,13458.96
1027,141,1724.26
1028,1904,14793.89
1029,405,7045.28
1030,1962,3683.91
1031,649,8163.01
1032,232,580.76
1033,435,1283.71
1034,850,8123.18
1035,1131,13732.92
1036,178,4690.36
1037,1971,5802.87
1038,1965,4151.65
1039,755,5646.88
1040,358,9925.03
1041,1104,13849.1
1042,1972,1473.71
1043,837,11682.27
1044,663,386.72
1045,1884,5563.19
1046,1374,786.8
1047,1496,2230.57
1048,970,3743.06
1049,1771,5759.35
1050,290,10934.25
1051,1855,9204.85
1052,1967,2338.55
1053,638,2434.04
1054,1143,10344.6
1055,1359,12388.31
1056,243,9247.58
1057,921,5442.64
1058,739,11340.94
1059,1178,6678.88
1060,678,2658.55
1061,1960,12582.19
1062,1088,7729.52
1063,296,11076.74
1064,1088,7688.89
1065,979,7408.67
1066,140,14140.45
1067,234,8774.72
1068,1937,10637.45
1069,1243,9438.27
1070,1761,1924.48
1071,1865,11069.16
1072,604,4766.29
1073,543,4862.32
1074,1036,9877.04
1075,1080,9567.35
1076,951,5595.84
1077,668,3892.03
1078,492,976.44
1079,190,7689.96
1080,1223,2605.1
1081,458,2508.25
1082,1875,11481.12
1083,1890,6159.21
1084,1978,2817.0
1085,959,1998.4
1086,1450,7989.93
1087,1547,6513.6
1088,289,6888.08
1089,1592,14215.93
1090,1621,5631.97
1091,1771,9623.17
1092,1995,7256.09
1093,780,6264.46
1094,527,11829.09
1095,1915,7331.82
1096,670,7824.84
1097,1983,6651.16
1098,1393,5788.71
1099,658,14083.58
1100,1444,1385.01
1101,372,6545.16
1102,905,7551.85
1103,1809,4865.1
1104,124,9422.15
1105,791,6026.19
1106,1633,8655.71
1107,879,2575.55
1108,758,9697.75
1109,777,11539.81
1110,1962,7695.03
1111,1069,9222.17
1112,1500,8218.13
1113,923,4781.34
1114,1360,11801.09
1115,152,14630.31
1116,851,14786.95
1117,1455,5347.53
1118,1473,10981.59
1119,1091,10719.75
1120,1742,6280.61
1121,1671,14069.21
1122,299,7864.64
1123,164,8753.26
1124,397,9320.66
1125,804,5110.36
1126,1226,14512.13
1127,1149,6467.48
1128,1881,9905.06
1129,194,10668.56
1130,468,5828.91
1131,1956,9185.7
1132,635,12413.25
1133,121,4435.55
1134,575,2962.32
1135,779,9998.18
1136,1823,11738.41
1137,1831,8611.77
1138,1839,11838.22
1139,172,13400.16
1140,586,1891.63
1141,1279,10821.48
1142,436,8930.29
1143,704,12438.53
1144,783,7887.13
1145,1378,9733.22
1146,1269,8671.15
1147,365,1433.79
1148,1438,4137.82
1149,1087,7028.55
1150,914,5694.74
1151,990,7439.46
1152,559,14540.68
1153,675,3674.67
1154,1128,7137.23
1155,631,2658.69
1156,1381,1963.25
1157,1331,14483.28
1158,133,8600.74
1159,1023,3452.82
1160,356,10800.81
1161,1278,2358.55
1162,1762,8695.36
1163,1188,4801.11
1164,1405,12602.86
1165,806,783.34
1166,1855,2929.15
1167,390,375.1
1168,1240,8807.98
1169,635,4864.01
1170,1635,7053.45
1171,1755,9376.0
1172,932,6653.3
1173,1170,6787.13
1174,1236,1322.56
1175,161,5234.87
1176,738,227.06
1177,1954,12583.33
1178,1702,13391.82
1179,396,4615.45
1180,333,4992.18
1181,1843,8697.01
1182,434,3400.69
1183,1740,2558.55
1184,1186,9116.67
1185,1323,6637.41
1186,1720,3348.8
1187,443,9675.47
1188,1756,5099.83
1189,1445,1329.31
1190,311,2405.64
1191,167,10590.62
1192,1933,3418.1
1193,1780,7401.72
1194,1075,5615.83
1195,322,14548.61
1196,258,498.67
1197,1270,6758.22
1198,318,7925.4
1199,634,12522.77
1200,1644,14638.77
1201,1811,5135.02
1202,564,13829.28
1203,1795,5719.04
1204,684,8111.27
1205,210,14602.7
1206,1083,62.13
1207,853,7410.22
1208,902,3603.19
1209,865,10498.92
1210,508,13573.04
1211,260,4961.99
1212,1169,2169.34
1213,404,4916.51
1214,1922,14471.43
1215,1221,14873.86
1216,738,12348.42
1217,1158,14787.49
1218,1004,7887.48
1219,1954,1060.22
1220,1790,6771.31
1221,705,10080.19
1222,171,3377.94
1223,1097,14058.11
1224,1604,12030.82
1225,1860,7971.49
1226,939,2072.11
1227,1464,11159.93
1228,677,1170.3
1229,1651,2012.28
1230,1487,9778.1
1231,1990,3785.1
1232,813,360.18
1233,1259,4063.28
1234,800,4123.79
1235,1056,11937.7
1236,1580,6012.5
1237,1751,6563.55
1238,469,11935.79
1239,597,14016.69
1240,409,14746.3
1241,398,13247.97
1242,1696,1723.97
1243,1445,8466.36
1244,1326,13275.57
1245,1226,12815.65
1246,1497,4412.26
1247,495,10998.07
1248,327,9367.24
1249,1306,9805.09
1250,508,112.4
1251,968,14272.8
1252,1748,693.83
1253,341,7254.61
1254,1036,4082.73
1255,1543,5374.36
1256,504,14684.3
1257,258,343.19
1258,355,5109.3
1259,1528,3508.97
1260,1787,5684.3
1261,763,11554.39
1262,225,5821.36
1263,577,14549.18
1264,1896,14623.58
1265,882,12834.25
1266,938,7355.74
1267,1764,9416.16
1268,883,3215.07
1269,1754,14761.61
1270,1381,4419.17
1271,1953,5937.56
1272,1577,13712.56
1273,993,10395.56
1274,202,5899.46
1275,1597,877.15
1276,1995,13210.16
1277,1648,9534.1
1278,553,334.5
1279,1734,4364.88
1280,1731,3165.72
1281,1500,2188.12
1282,1212,4125.02
1283,1690,1910.33
1284,1709,10985.47
1285,440,4816.46
1286,1199,12232.63
1287,671,5237.45
1288,453,11746.52
1289,627,7613.67
1290,495,8245.21
1291,899,5953.46
1292,1801,5289.98
1293,448,5642.75
1294,1427,9317.47
1295,517,10676.59
1296,1130,7944.84
1297,799,4040.38
1298,720,2159.54
1299,1743,12588.61
1300,1104,2460.78
1301,1856,656.56
1302,1498,9917.46
1303,1958,1875.0
1304,706,8323.71
1305,700,13668.4
1306,1224,14968.97
1307,1065,5525.88
1308,132,13186.26
1309,1917,8999.99
1310,1818,7280.72
1311,256,8308.74
1312,214,2710.14
1313,1059,12375.84
1314,323,4291.3
1315,1991,5126.66
1316,1139,13833.34
1317,1480,8970.51
1318,1353,1154.57
1319,1762,6137.35
1320,1774,880.78
1321,715,14984.22
1322,1752,5078.62
1323,1460,3904.14
1324,882,13088.66
1325,381,2518.24
1326,1658,12348.75
1327,456,3941.52
1328,1121,14762.91
1329,125,10304.71
1330,844,10504.89
1331,444,8123.17
1332,1293,9634.39
1333,1985,13260.13
1334,1781,8334.87
1335,1194,3777.75
1336,1534,4867.97
1337,785,1852.68
1338,347,8140.81
1339,536,13930.29
1340,1778,7540.68
1341,390,13455.82
1342,1932,8741.43
1343,1587,5840.96
1344,939,3947.94
1345,296,4421.05
1346,1839,791.81
1347,1784,7949.05
1348,388,2651.0
1349,1329,6566.88
1350,1392,10632.19
1351,1199,14041.32
1352,823,10256.59
1353,479,10354.5
1354,834,6910.96
1355,310,11664.98
1356,1806,6706.88
1357,1762,8339.67
1358,821,429.45
1359,1276,2954.01
1360,656,10473.13
1361,709,6701.29
1362,847,9507.33
1363,1567,12808.84
1364,379,7067.31
1365,1918,12939.27
1366,1210,5075.37
1367,190,4895.33
1368,1518,11795.58
1369,1161,3925.68
1370,1838,1211.35
1371,1071,12139.45
1372,1114,14909.2
1373,1350,5416.83
1374,1124,10356.44
1375,1162,14224.21
1376,1931,11512.34
1377,739,9467.22
1378,420,8933.86
1379,427,10636.64
1380,1902,428.34
1381,335,7692.9
1382,1247,13027.99
1383,1963,10655.02
1384,1375,8939.93
1385,464,1989.73
1386,1750,8228.79
1387,1845,616.55
1388,1512,1587.3
1389,1000,1146.34
1390,602,10596.71
1391,1654,12815.72
1392,1116,401.34
1393,746,9891.9
1394,1812,2215.82
1395,1129,2494.72
1396,1927,11669.55
1397,1585,10611.81
1398,1549,2958.95
1399,757,13736.47
1400,1132,3212.35
1401,1876,1180.46
1402,1958,12470.43
1403,721,5828.43
1404,1185,10680.58
1405,236,9896.86
1406,1561,9541.49
1407,1468,5248.79
1408,417,8306.26
1409,1256,9685.03
1410,549,14476.02
1411,981,1660.81
1412,423,5556.92
1413,313,6010.33
1414,204,3106.19
1415,1215,542.24
1416,1582,10788.05
1417,1236,9969.88
1418,1294,1816.56
1419,753,10338.79
1420,483,5437.94
1421,1924,9735.53
1422,1432,7245.03
1423,1191,4129.86
1424,558,1923.8
1425,1531,10541.37
1426,1078,3208.55
1427,1105,3737.98
1428,1305,649.84
1429,1110,1438.44
1430,1141,11311.24
1431,1188,5632.54
1432,124,7291.25
1433,1896,11798.46
1434,1485,2867.53
1435,704,10101.46
1436,1101,9171.22
1437,1034,11181.32
1438,1310,11037.22
1439,1142,2592.88
1440,1138,10938.84
1441,1152,3554.14
1442,1830,5091.23
1443,1377,2038.38
1444,1358,8169.62
1445,827,2201.64
1446,696,7110.75
1447,289,1994.48
1448,1095,12587.93
1449,154,6853.68
1450,227,12651.08
1451,1703,13515.1
1452,1807,6173.58
1453,1953,8843.47
1454,1202,6498.0
1455,1248,13624.06
1456,1442,29.34
1457,1053,7004.48
1458,989,1852.1
1459,898,3701.12
1460,796,10465.94
1461,856,8917.47
1462,1151,124.61
1463,771,566.98
1464,1630,13384.28
1465,189,13799.96
1466,366,6341.16
1467,1227,14699.49
1468,1044,4628.59
1469,119,3899.85
1470,519,1051.61
1471,244,4812.52
1472,1167,700.08
1473,1865,9345.01
1474,1910,10231.61
1475,598,14040.73
1476,872,5676.21
1477,1028,1506.18
1478,1586,13012.07
1479,753,5199.08
1480,1701,75.28
1481,1695,13270.76
1482,1796,4524.75
1483,254,7356.5
1484,1674,6315.44
1485,1210,6477.82
1486,1050,5219.53
1487,495,2374.66
1488,1178,3852.93
1489,703,7597.28
1490,999,9138.86
1491,481,12361.22
1492,1590,6061.13
1493,163,11324.62
1494,992,9213.65
1495,1236,6868.27
1496,361,8493.11
1497,1314,5012.47
1498,1129,14265.1
1499,1760,5473.2
1500,276,13246.59
1501,1520,900.73
1502,299,10850.58
1503,691,14422.18
1504,1802,10094.04
1505,1198,9973.98
1506,832,13743.31
1507,1027,4359.68
1508,359,2295.59
1509,323,12279.62
1510,1212,14078.06
1511,1877,3846.56
1512,1033,1145.19
1513,656,6101.25
1514,1202,7208.86
1515,814,8129.4
1516,271,12482.37
1517,957,3619.62
1518,603,950.32
1519,988,14517.48
1520,365,10809.83
1521,833,7202.24
1522,1607,1458.89
1523,854,4143.86
1524,1511,9764.14
1525,1657,5317.85
1526,1343,13507.6
1527,758,11598.76
1528,249,9843.61
1529,1442,10848.48
1530,1324,1042.85
1531,1683,1584.3
1532,1618,3877.85
1533,1777,8359.75
1534,1427,2514.11
1535,685,8357.57
1536,1296,9458.29
1537,1983,11438.52
1538,1037,8827.54
1539,894,835.52
1540,360,14652.55
1541,889,6963.25
1542,1242,13625.05
1543,712,12328.45
1544,1377,13498.94
1545,911,1152.12
1546,1956,1268.17
1547,763,1027.02
1548,602,809.98
1549,1351,1761.37
1550,1113,6380.68
1551,1749,7678.95
1552,323,8482.57
1553,451,87.4
1554,460,3782.27
1555,161,11237.09
1556,1948,10875.52
1557,434,6066.07
1558,1196,10113.68
1559,1163,12475.88
1560,256,14999.23
1561,264,7648.19
1562,446,6992.17
1563,1359,13343.76
1564,1624,9151.65
1565,1767,13840.83
1566,683,7184.2
1567,1708,13534.91
1568,1939,3395.22
1569,1906,2041.57
1570,1595,5864.89
1571,1224,12126.75
1572,1300,4374.36
1573,624,1943.85
1574,1533,10647.53
1575,725,11859.26
1576,1990,1627.36
1577,883,2663.21
1578,1484,4398.09
1579,1820,14408.47
1580,1539,4075.62
1581,686,14720.73
1582,1173,9382.21
1583,1953,3782.33
1584,1695,11356.05
1585,902,9769.01
1586,1176,6709.05
1587,267,11099.47
1588,1151,6829.8
1589,680,13876.56
1590,279,10255.19
1591,174,10600.16
1592,1540,5270.31
1593,812,3811.07
1594,450,2694.93
1595,411,13760.38
1596,929,6164.66
1597,269,1932.29
1598,1131,3357.8
1599,1163,14531.37
1600,707,2737.95
1601,970,12202.55
1602,853,3117.16
1603,561,4802.14
1604,140,9946.57
1605,220,9928.23
1606,817,7137.18
1607,1895,10487.44
1608,206,7606.64
1609,1277,866.33
1610,1122,7166.04
1611,610,2338.58
1612,1200,4133.68
1613,1767,1631.3
1614,327,10993.4
1615,289,2725.56
1616,1224,2677.39
1617,943,30.44
1618,850,4562.97
1619,214,5009.35
1620,1042,12309.38
1621,700,316.51
1622,1610,324.24
1623,374,5547.32
1624,1399,6677.49
1625,227,2494.33
1626,247,13521.52
1627,1541,5189.51
1628,1013,2811.59
1629,790,2696.42
1630,1671,3209.88
1631,566,4275.75
1632,1527,10194.78
1633,1315,8109.08
1634,265,747.41
1635,437,10373.69
1636,447,1481.13
1637,1120,8498.07
1638,1378,861.12
1639,1186,10913.85
1640,1196,6144.94
1641,924,7488.98
1642,919,126.36
1643,1393,2798.89
1644,1273,1035.05
1645,1789,1879.37
1646,539,5009.46
1647,455,6974.59
1648,1695,14376.03
1649,914,5470.53
1650,487,5428.16
1651,1987,10244.25
1652,1541,13676.41
1653,633,10306.59
1654,1120,14522.77
1655,294,5830.87
1656,207,7107.4
1657,802,5003.7
1658,1396,3679.6
1659,1242,2623.85
1660,377,5036.06
1661,1054,12943.72
1662,1019,8594.37
1663,980,7196.68
1664,1400,14959.38
1665,1146,3307.83
1666,1034,6830.08
1667,1130,13573.41
1668,487,9319.11
1669,1808,10934.41
1670,1370,4188.65
1671,786,1255.48
1672,1906,897.53
1673,499,2950.48
1674,809,4896.23
1675,1090,14560.22
1676,1005,1573.32
1677,661,5080.85
1678,1223,9763.32
1679,1036,2365.57
1680,661,11007.73
1681,1273,14373.86
1682,1978,6608.24
1683,1083,7629.33
1684,922,10084.86
1685,203,3616.23
1686,1733,7596.72
1687,1120,7266.93
1688,1994,14367.4
1689,1069,11687.14
1690,735,9318.7
1691,826,11255.93
1692,1397,10220.98
1693,1097,10803.42
1694,928,326.53
1695,1424,8406.13
1696,1427,9196.97
1697,420,14121.64
1698,577,5682.21
1699,174,6376.21
1700,1059,7116.72
1701,848,4030.76
1702,1903,1765.48
1703,416,5657.32
1704,361,3482.3
1705,1920,11515.3
1706,229,14951.51
1707,1688,6566.34
1708,1728,10542.59
1709,482,9959.9
1710,650,3447.96
1711,850,13275.08
1712,689,7388.27
1713,428,12791.49
1714,423,11839.69
1715,528,13725.96
1716,1010,14693.53
1717,1912,5114.93
1718,1243,13913.13
1719,273,12688.43
1720,1863,12513.73
1721,699,3185.63
1722,288,6201.3
1723,991,4114.9
1724,1863,2786.14
1725,312,9395.26
1726,786,1436.61
1727,1433,7218.97
1728,1181,10901.72
1729,306,11976.11
1730,1688,12477.68
1731,173,1505.74
1732,361,7423.85
1733,1529,5531.3
1734,917,3501.59
1735,1998,9994.83
1736,695,13955.06
1737,1245,5889.78
1738,842,14952.08
1739,1433,7041.3
1740,931,3537.84
1741,372,1470.43
1742,733,14949.97
1743,902,10847.75
1744,1136,1964.59
1745,307,12330.76
1746,1932,1063.06
1747,847,13861.26
1748,795,880.17
1749,286,11028.64
1750,513,9285.42
1751,934,2640.36
1752,1455,12364.26
1753,700,14396.24
1754,641,14802.63
1755,1931,13416.82
1756,1522,4957.65
1757,247,5537.43
1758,1222,2301.08
1759,414,6494.38
1760,352,10523.9
1761,1335,13844.39
1762,1459,10759.8
1763,859,1945.83
1764,721,14378.59
1765,504,1078.29
1766,922,10436.25
1767,1047,1513.61
1768,786,3411.88
1769,225,12456.32
1770,1595,13214.92
1771,619,10744.68
1772,901,9797.69
1773,948,5552.41
1774,576,379.04
1775,1450,14590.93
1776,956,11730.27
1777,1486,361.18
1778,664,260.03
1779,1433,10596.55
1780,1399,7441.15
1781,132,5898.68
1782,1085,5722.34
1783,1423,14325.35
1784,375,11933.81
1785,1057,9566.89
1786,1952,548.35
1787,1606,4000.49
1788,1751,7079.91
1789,1178,1971.19
1790,675,6771.37
1791,950,2959.47
1792,1271,3898.07
1793,524,14251.45
1794,644,12575.94
1795,1577,12766.38
1796,1033,4961.19
1797,1275,13247.94
1798,1330,5779.67
1799,1672,4329.86
1800,1417,14063.4
1801,1562,11685.32
1802,570,10340.34
1803,604,402.61
1804,1944,9095.03
1805,373,8032.51
1806,991,5716.58
1807,1069,447.9
1808,1994,3357.33
1809,1979,3216.48
1810,137,574.54
1811,915,9759.03
1812,1831,7790.97
1813,1963,4217.51
1814,1688,10128.21
1815,1311,3074.61
1816,863,2303.7
1817,1638,11425.26
1818,151,14508.22
1819,1215,7064.77
1820,1687,12506.61
1821,1802,1527.93
1822,665,6988.23
1823,192,5196.42
1824,479,1967.93
1825,958,14725.86
1826,604,597.39
1827,1745,11877.94
1828,890,11614.02
1829,609,13344.31
1830,1241,7750.83
1831,487,1204.65
1832,835,2733.23
1833,441,13148.83
1834,683,2374.75
1835,1489,4312.28
1836,1265,7658.63
1837,1946,12652.42
1838,137,13283.7
1839,1895,3352.95
1840,1675,13342.89
1841,1885,4793.12
1842,785,2483.64
1843,537,830.94
1844,1713,5530.3
1845,269,13402.18
1846,816,12645.25
1847,814,1368.8
1848,651,4525.84
1849,1347,7518.57
1850,1596,2117.04
1851,566,10624.54
1852,272,5073.41
1853,594,9206.63
1854,213,5084.96
1855,1362,6376.86
1856,1454,11373.04
1857,122,3861.4
1858,183,759.19
1859,450,8037.85
1860,865,2083.01
1861,341,12611.5
1862,582,13835.66
1863,851,9656.33
1864,1892,13632.47
1865,641,14549.67
1866,471,13712.33
1867,521,6277.16
1868,1622,14854.88
1869,1405,927.4
1870,269,5162.67
1871,1079,14053.99
1872,771,11132.8
1873,177,9370.83
1874,209,7089.97
1875,118,3649.04
1876,1370,11547.67
1877,1152,11481.22
1878,747,12008.45
1879,1971,3230.01
1880,827,8470.72
1881,967,2934.31
1882,340,1590.33
1883,562,9871.51
1884,1427,11153.02
1885,1960,9027.31
1886,780,5128.57
1887,1071,5615.3
1888,1651,12746.91
1889,1744,8022.81
1890,1816,5305.01
1891,536,678.76
1892,1312,11343.59
1893,1788,10847.91
1894,539,6438.73
1895,1546,155.51
1896,614,14147.53
1897,1554,2250.4
1898,1600,11493.46
1899,950,7535.75
1900,641,11166.84
1901,873,11508.14
1902,1313,13095.49
1903,1757,2761.27
1904,1384,10387.96
1905,1302,803.45
1906,722,4592.98
1907,748,8212.9
1908,1429,12376.01
1909,1611,11899.32
1910,1344,2710.32
1911,1842,11893.73
1912,751,7561.47
1913,126,14386.08
1914,1169,8115.14
1915,1928,11837.17
1916,1500,4754.31
1917,1884,5746.78
1918,231,13041.41
1919,1106,2329.15
1920,814,4323.81
1921,1032,2021.66
1922,399,10637.39
1923,988,9918.29
1924,1515,6638.83
1925,1147,9849.73
1926,881,8764.27
1927,669,13522.14
1928,1067,9304.07
1929,1980,11730.41
1930,1322,920.62
1931,1531,8726.39
1932,1322,5750.76
1933,279,5513.24
1934,455,11066.98
1935,1732,14541.08
1936,1559,7663.39
1937,1047,5662.76
1938,345,1499.23
1939,809,1961.23
1940,1329,9846.76
1941,945,9000.09
1942,1748,14443.39
1943,1688,9554.49
1944,1281,2944.21
1945,1151,5955.21
1946,1373,12455.41
1947,1882,1563.64
1948,216,8594.25
1949,275,14078.46
1950,336,4122.2
1951,229,4525.81
1952,979,3985.24
1953,957,6276.37
1954,971,9050.25
1955,1719,1633.01
1956,1848,10336.57
1957,1234,10347.86
1958,1971,5801.92
1959,1609,11433.85
1960,604,11098.47
1961,1869,4782.56
1962,359,2231.97
1963,1644,146.16
1964,1770,3153.48
1965,941,5209.4
1966,1105,454.1
1967,1430,14056.57
1968,390,1919.66
1969,472,10625.7
1970,219,6874.37
1971,1548,12235.41
1972,1725,568.32
1973,534,9761.71
1974,898,6240.28
1975,1339,8098.03
1976,552,138.27
1977,1928,5304.22
1978,393,492.43
1979,1670,14012.83
1980,1217,11970.2
1981,1500,5275.57
1982,1895,754.06
1983,954,4190.93
1984,410,5402.36
1985,625,1908.99
1986,724,9255.06
1987,1371,14209.66
1988,474,4941.58
1989,1499,3578.59
1990,1937,11359.25
1991,259,10941.05
1992,361,9507.64
1993,877,7901.27
1994,1556,5250.27
1995,237,6860.14
1996,281,11718.51
1997,897,5319.93
1998,1112,7534.12
1999,129,3932.98
